'UserName';'LastName';'+7(910)3245645';30000;
'UserName1';'LastName2';'8(926)5245245';35000;
'UserName';'LastName';'+7(910)3245645';30000;
'UserName1';'LastName2';'8(926)5245245';35000;
'UserName';'LastName';'+7(910)3245645';30000;
'UserName1';'LastName2';'8(926)5245245';35000;
'UserName';'LastName';'+7(910)3245645';30000;
'UserName1';'LastName2';'8(926)5245245';35000;
'UserName';'LastName';'+7(910)3245645';30000;
'UserName1';'LastName2';'8(926)5245245';35000;
'UserName';'LastName';'+7(910)3245645';30000;
'UserName1';'LastName2';'8(926)5245245';35000;
'UserName';'LastName';'+7(910)3245645';30000;
'UserName1';'LastName2';'8(926)5245245';35000;
'UserName';'LastName';'+7(910)3245645';30000;
'UserName1';'LastName2';'8(926)5245245';35000;
'UserName';'LastName';'+7(910)3245645';30000;
'UserName1';'LastName2';'8(926)5245245';35000;
'UserName';'LastName';'+7(910)3245645';30000;
'UserName1';'LastName2';'8(926)5245245';35000;
'UserName';'LastName';'+7(910)3245645';30000;
'UserName1';'LastName2';'8(926)5245245';35000;
'UserName';'LastName';'+7(910)3245645';30000;
'UserName1';'LastName2';'8(926)5245245';35000;
'UserName';'LastName';'+7(910)3245645';30000;
'UserName1';'LastName2';'8(926)5245245';35000;
'UserName';'LastName';'+7(910)3245645';30000;
'UserName1';'LastName2';'8(926)5245245';35000;
'UserName';'LastName';'+7(910)3245645';30000;
'UserName1';'LastName2';'8(926)5245245';35000;

